[
  {
    "TenantId": -1,
    "ConnectionUrl": "amqp://guest:guest@localhost:5672",
    "Queues": [
      {
        "QueueName": "KPCS.Queue.Default",
        "QueueProperties": [
          {
            "ConsumerCount": "5"
          }
        ],
        "SenderLink": "sender-link-KPCS.Queue.Default",
        "ReceiverLink": "receiver-link-KPCS.Queue.Default"
      }
    ]
  },
  {
    "TenantId": 2,
    "ConnectionUrl": "amqp://guest:guest@localhost:5672",
    "Queues": [
      {
        "QueueName": "KPCS.Queue",
        "QueueProperties": [
          {
            "ConsumerCount": "5"
          }
        ],
        "SenderLink": "sender-link-KPCS.Queue",
        "ReceiverLink": "receiver-link-KPCS.Queue"
      },
      {
        "QueueName": "KPCS.Queue2",
        "QueueProperties": [
          {
            "ConsumerCount": "5"
          }
        ],
        "SenderLink": "sender-link-KPCS.Queue2",
        "ReceiverLink": "receiver-link-KPCS.Queue2"
      }
    ]
  },
  {
    "TenantId": 10,
    "ConnectionUrl": "amqp://guest:guest@localhost:5672",
    "Queues": [
      {
        "QueueName": "KPCS.Queue.Tenant10_1",
        "QueueProperties": [
          {
            "ConsumerCount": "5"
          }
        ],
        "SenderLink": "sender-link-KPCS.Queue_Tenant10_1",
        "ReceiverLink": "receiver-link-KPCS.Queue_Tenant10_1"
      },
      {
        "QueueName": "KPCS.Queue.Tenant10_2",
        "QueueProperties": [
          { 
            "ConsumerCount": "5"
          }
        ],
        "SenderLink": "sender-link-KPCS.Queue2_Tenant10_2",
        "ReceiverLink": "receiver-link-KPCS.Queue2_Tenant10_2"
      }
    ]
  }
]