[
  {
    "APIKey": "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",
    "FromAddress": "sandesh.lande@prorigosoftware.com",
    "TenantId": -1
  },
  {
    "APIKey": "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",
    "FromAddress": "sandesh.lande@prorigosoftware.com",
    "TenantId": 2
  },
  {
    "APIKey": "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",
    "FromAddress": "sandesh.lande@prorigosoftware.com",
    "TenantId": 10
  },
  {
    "APIKey": "APIKey",
    "FromAddress": "sandesh.lande@prorigosoftware.com",
    "TenantId": 1
  }
]
